Position, Company, Location, URL
Student Researcher  2023의 전체 세부 정보,Google,서울,               https://kr.indeed.com/rc/clk?jk=f438fdb09a101e51&fccid=a5b4499d9e91a5c6&vjs=3
슈어소프트테크 2023년 하반기 연계형 인턴의 전체 세부 정보,슈어소프트테크,성남 수정구,               https://kr.indeed.com/rc/clk?jk=a0de2e77342d7cdf&fccid=e1a5234e5ccea778&vjs=3
딥러닝 AI 개발 연구원의 전체 세부 정보,베이리스,성남 수정구,               https://kr.indeed.com/rc/clk?jk=87309d3ff40ead61&fccid=ce871e9e4a9f430a&vjs=3
2023년 DIgital Lab 전문계약직 상시의 전체 세부 정보,GS칼텍스,서울 강남구,               https://kr.indeed.com/rc/clk?jk=2e45e43017a6ea1f&fccid=f152288f3dcf6e51&vjs=3
데이터분석 신입/경력 정규직의 전체 세부 정보,블록스퀘어서울,서울 서초구,               https://kr.indeed.com/rc/clk?jk=88960e11c2cdd682&fccid=72348558bd9456ba&vjs=3
Computer Vision Engineer의 전체 세부 정보,플라잎,성남 분당구,               https://kr.indeed.com/rc/clk?jk=de2766eb246f9cd7&fccid=84dacc2dd7eb12bf&vjs=3
백엔드 개발자(인턴십)의 전체 세부 정보,액스,서울 서초구,               https://kr.indeed.com/rc/clk?jk=b7223c792bfcbcd4&fccid=5013eca338141e7d&vjs=3
[인텔리전스랩스] UX Researcher/UX 분석가 (경험 전략 기획)의 전체 세부 정보,Nexon,경기도 성남,               https://kr.indeed.com/rc/clk?jk=2d2579670601d342&fccid=aba87288e4cc3687&vjs=3
[인텔리전스랩스] 탐지응용팀 백엔드 개발자 (Python/Go)의 전체 세부 정보,Nexon,경기도 성남,               https://kr.indeed.com/rc/clk?jk=4ce79aa71969b913&fccid=aba87288e4cc3687&vjs=3
기술 인턴 인공지능 응용 연구/개발 인턴의 전체 세부 정보,써로마인드로보틱스,서울 관악구,               https://kr.indeed.com/rc/clk?jk=71c47ac87bb4087e&fccid=230e414668234579&vjs=3
(Seoul) Research Engineer · Lunit SCOPE - 전문연 가능의 전체 세부 정보,Lunit,서울,               https://kr.indeed.com/pagead/clk?mo=r&ad=-6NYlbfkN0B2EhrgnmjM6g7oQ3Sn9mts7E-QisDt_vGW0hP7r87nrmGEhfZNbcPqPLNA0TMnfkX_FKHnl8X1UZHSkBsPjLFeRsjYMtsvbZShpHe8o02PaNbLf18aG06yijLWDvUR3vWsnDKlwz4znJon-4d3TajEqxXwEUIzMAR9rC7ct9QyFd0sgqxR91GflFGvLgmO0l89cCTnLD98y1zqcJTlcv8w9gnNDWLPxmrqCvzfYdfCBa2ArboAOJHvK4CInAaNSlltMe45FeyAinXlIAln6TaeG_Re7j1bac2vESPOiWZv4mIOaoHujoO9UMUpnInKav6eT3S6yfsUDConchEqoaT4nbXslFFI_VtRhcU1oTQPQHUbEp9AXNFeCFWtJwy9c1TFwKRQIM0hlBZJFmFn9zfhMkRLH9ZbfpZeQ1O91CklAjdFPRtLlvSLZJtqSbPuD3D2vFN95VTteONO-mlIaxz_zJJGDT1W7Mw=&xkcb=SoCh-_M3MxYU7Dg1Sb0AbzkdCdPP&p=10&fvj=0&vjs=3
Business Intelligence Analyst  Seoul  Korea의 전체 세부 정보,Tesla,서울 강남구,               https://kr.indeed.com/rc/clk?jk=4b3dfd13c88992b8&fccid=86e9be6ce380173e&vjs=3
[데브시스터즈] DevOps Engineer (신입)의 전체 세부 정보,데브시스터즈,서울 강남구,               https://kr.indeed.com/rc/clk?jk=3058f7280a2e6644&fccid=58a9a803698a0afd&vjs=3
DNN 모델 개발 엔지니어의 전체 세부 정보,딥엑스,성남 분당구,               https://kr.indeed.com/rc/clk?jk=303d8c644a5f2e0f&fccid=e34932b8232a173b&vjs=3
Actuarial Analyst의 전체 세부 정보,Swiss RE,서울,               https://kr.indeed.com/rc/clk?jk=209a1e7263dd531d&fccid=ce527f971de2a93a&vjs=3
백엔드 엔지니어 (Python) 정규직의 전체 세부 정보,데이터비,서울 마포구,               https://kr.indeed.com/rc/clk?jk=79d696388d32d3ff&fccid=dd6f5fd8e8c02e7e&vjs=3
Operations & Analytics Manager의 전체 세부 정보,Uber,서울,               https://kr.indeed.com/rc/clk?jk=f499d680c684b39c&fccid=f766f8bfbc3effb7&vjs=3
Wi-Fi 소프트웨어 엔지니어 (신입/경력)의 전체 세부 정보,인피니언코리아,성남 분당구,               https://kr.indeed.com/rc/clk?jk=acf2807bdb4705cb&fccid=50debe8434cd12fc&vjs=3
[제약] 신약 분자설계 연구(선임/책임)의 전체 세부 정보,BOB네트웍스,성남 분당구,               https://kr.indeed.com/rc/clk?jk=14d5f070330861c8&fccid=6c389097acd73020&vjs=3
Sr. Back-end Engineer (Python)의 전체 세부 정보,브레이브모바일,서울 강남구,               https://kr.indeed.com/rc/clk?jk=90c7d97938a4db39&fccid=d232ddab0e778e48&vjs=3
C# 응용프로그램 개발자의 전체 세부 정보,벡터시스,용인 수지구,               https://kr.indeed.com/rc/clk?jk=9a9f684dad6eec6b&fccid=53cbebce99ba2c6d&vjs=3
파이썬(python) 백엔드 개발자의 전체 세부 정보,아토머스,서울 강남구,               https://kr.indeed.com/rc/clk?jk=7e8499c0e2fe4afb&fccid=660bbb21789ab63d&vjs=3
자율 주행  로봇 SW 개발자의 전체 세부 정보,에바,성남 수정구,               https://kr.indeed.com/rc/clk?jk=e30fe92d72ceb17c&fccid=5cc87f5890bd7170&vjs=3
[국내메이플] 데이터 분석가의 전체 세부 정보,Nexon,경기도 성남,               https://kr.indeed.com/rc/clk?jk=0289be96032b0ad4&fccid=aba87288e4cc3687&vjs=3
[데브시스터즈] Data Platform Software Engineer (Senior/Junior)의 전체 세부 정보,데브시스터즈,서울 강남구,               https://kr.indeed.com/rc/clk?jk=d832eb50f24e4587&fccid=58a9a803698a0afd&vjs=3
Associate Consultant  Launch Graduate Program 2024 - Korea의 전체 세부 정보,Mastercard,서울,               https://kr.indeed.com/rc/clk?jk=603a4d1a93de4711&fccid=10b5c722d846df43&vjs=3
AI 연구 MLOps의 전체 세부 정보,코그넷나인,서울 서초구,               https://kr.indeed.com/rc/clk?jk=36ae5f764253d121&fccid=015d2bad6d9df969&vjs=3
[인텔리전스랩스] 탐지응용팀 백엔드 개발자 (Python/Go)의 전체 세부 정보,Nexon,경기도 성남,               https://kr.indeed.com/rc/clk?jk=4ce79aa71969b913&fccid=aba87288e4cc3687&vjs=3
판교 연구소 필드 엔지니어(FAE/기술지원)의 전체 세부 정보,마젠타로보틱스,성남 분당구,               https://kr.indeed.com/rc/clk?jk=df87d641ddfc4091&fccid=bd531d5a4d3825d6&vjs=3
개발자 - Python 서버 프로그램 개발의 전체 세부 정보,바인테크,서울 송파구,               https://kr.indeed.com/rc/clk?jk=4cc15c26097421c5&fccid=aef44811e748bebe&vjs=3
Software Engineer  Perception - Autonomous Vehicles의 전체 세부 정보,Oski Technology,서울,               https://kr.indeed.com/rc/clk?jk=d14137b47d0a5dac&fccid=c267f29f0f85e8b8&vjs=3
Reinforcement Learning Engineer의 전체 세부 정보,플라잎,성남 분당구,               https://kr.indeed.com/rc/clk?jk=a70a835b261a7940&fccid=84dacc2dd7eb12bf&vjs=3
파이썬(python) 백엔드 개발자(전문연구요원)의 전체 세부 정보,아토머스,서울 강남구,               https://kr.indeed.com/rc/clk?jk=c3ea7ef913ec52d2&fccid=660bbb21789ab63d&vjs=3
Digital Solution Area Specialists - Data & AI의 전체 세부 정보,Microsoft,서울,               https://kr.indeed.com/rc/clk?jk=f6a20cd62b276644&fccid=734cb5a01ee60f80&vjs=3
[데브툴즈] Front end 개발자의 전체 세부 정보,데브툴즈,안양 동안구,               https://kr.indeed.com/rc/clk?jk=a76e48ed8883b9b5&fccid=ad60a0632f3f3e71&vjs=3
Python 개발(경력)자의 전체 세부 정보,씨알에스큐브,서울 마포구,               https://kr.indeed.com/rc/clk?jk=94894d503cffe5b2&fccid=81da37d4fdd9599d&vjs=3
[선행기술원] AI Data Scientist[책임연구원]의 전체 세부 정보,현대자동차그룹,성남 판교역,               https://kr.indeed.com/rc/clk?jk=227799b436907962&fccid=980d6ecc399a3373&vjs=3
Associate Consultant  Launch Graduate Program 2024 - Korea의 전체 세부 정보,Mastercard Transpay,서울,               https://kr.indeed.com/rc/clk?jk=f1a053ed48b429e4&fccid=031fcbd781d7a179&vjs=3
Senior Backend Engineer - Python의 전체 세부 정보,트릿지,서울 서초구,               https://kr.indeed.com/rc/clk?jk=db2b98fdc9d687ce&fccid=3de9f8561145bb08&vjs=3
[데브시스터즈] DevOps Engineer (신입)의 전체 세부 정보,데브시스터즈,서울 강남구,               https://kr.indeed.com/rc/clk?jk=3058f7280a2e6644&fccid=58a9a803698a0afd&vjs=3
[홈페이지지원] 2023년 신입·경력 중의 전체 세부 정보,사이냅소프트,서울 강서구,               https://kr.indeed.com/rc/clk?jk=c0cd7991573c901d&fccid=0673ca84bc014599&vjs=3
인공지능 AI 개발자 정규직 경력의 전체 세부 정보,스펠릭스,서울 영등포구,               https://kr.indeed.com/rc/clk?jk=499a887d25babecc&fccid=03af3eb9ca1a431a&vjs=3
Software Engineer (전문연구요원)의 전체 세부 정보,야놀자,서울 강남구,               https://kr.indeed.com/rc/clk?jk=fe7848b1041c3a2c&fccid=73fe623ec23ed0a5&vjs=3
[NHN Enterprise] 클라우드 플랫폼 운영 엔지니어의 전체 세부 정보,엔에이치엔엔터프라이즈,성남 분당구,               https://kr.indeed.com/rc/clk?jk=90a7214a62825dba&fccid=c6959d0e760ece96&vjs=3
[인텔리전스랩스] UX Researcher/UX 분석가 (경험 전략 기획)의 전체 세부 정보,Nexon,경기도 성남,               https://kr.indeed.com/rc/clk?jk=2d2579670601d342&fccid=aba87288e4cc3687&vjs=3
Data Analyst(데이터 연구/분석)의 전체 세부 정보,인라이플,서울 구로구,               https://kr.indeed.com/rc/clk?jk=e78ef22607116edb&fccid=25a5f8f961de7852&vjs=3
전문연구요원 (병역특례) 수시 (AI / SW 분야)의 전체 세부 정보,딥엑스,성남 분당구,               https://kr.indeed.com/rc/clk?jk=d83fc0dd2641f483&fccid=e34932b8232a173b&vjs=3
CDP 프로젝트 매니저 (과장급)의 전체 세부 정보,라이나생명보험,서울 종로구,               https://kr.indeed.com/rc/clk?jk=18ced06abddf6bf5&fccid=ecbbeac4938b074a&vjs=3
Python 분석 인원 정규직 채용의 전체 세부 정보,(주)스마트모빌러티 관심기업,서울 휘경동,               https://kr.indeed.com/rc/clk?jk=5e761f105a377ae8&fccid=307824036b9dcb17&vjs=3
시스템엔지니어 신입/경력 정규직 [전문연구요원 지원 가능]의 전체 세부 정보,루미르,용인 수지구,               https://kr.indeed.com/rc/clk?jk=8a0f5a8857c12e2e&fccid=6d6d49fea6335c41&vjs=3
네이버 파이낸셜 플랫폼 운영의 전체 세부 정보,엔아이티서비스,성남 분당구,               https://kr.indeed.com/rc/clk?jk=08d0b474b6d9bfcd&fccid=d389f1042b660837&vjs=3
Senior Application Engineer의 전체 세부 정보,Ansys,서울,               https://kr.indeed.com/pagead/clk?mo=r&ad=-6NYlbfkN0C_VxUQDhzcEtU5UIQUIXNdycmbXVRtU8htuAzRK_ilEtj_GUc6UbOCUkMoh8528FjgPVBso1akCM6oSlaOYomN7SPdv0YjR36UviDkqvG5c4L67DYfyjj0wfdI0tDBAwfhKMQ2VllfxPqFPXAv8yt9yOHr_Ty5pJ0dIeFKdIbroYqmlo-rbynwqojeUEWZWwaNmEkgizg0kU-oYDXZ_lAlZy1KhBtSXiEE2vUzgo7PYkNUDsh1rE4UJDkQctmbtEO7H8Cds2cuNDLvjG-bvE3LOsGpzjfjSpArZLX6tQL619C_RaM9RC9wq1YGyLiuuB20sIoWej5TZObolUsTVLedbUO9GCLEfr_D76hjvw3IByEls8x9POWyDCBJGVt7eui04yhYAW_KK8JYsYFHldJZv3EBJu_Q2V6g04SZVb9aQHn-nhCzfHaQuylpDWfJcEjzKludbphASFlhEDmpqkewaXxE7b-6L4H3FsWnZoF8edsOAZARk8bvyfcwQl6Fzq3qD8PsP6gwLpLwf3vodAFjAD57qdk8ShcU1C8fY85r-jS8j_Bw6b2oQE__KOgQNPWcvPpAWi-TW6AEb2PKYbd8yNXtO0f62fX2nPrX83g7wrdzx1CwA-zhyGSj2AkR64xgutZqkuz8pMsVDTGImpFql_KhBJCgneYg9kWAtavzUllhnkTHXofiFbSmpbYDertBHyifrkO2IsbV_sNp3P2VHjZkQ8e-F_buG7MD2OccoSibBiP-3NIUIj9HKagweNxFd16uuOEZsKKmGKtvVXjrielF9ThCpokJnRYhlx3i6n0JsCokCYoeeltlZAbByEbxLu_yYEEorUkTJYPs4qNkvDcUYDsbaGxWQWku4vKGFWjjh4JJ5k245EyhXvEgEznxm92tz_YEIVd3f2_AvBe4nhEgMig862eap0vpcOGDIBIeQI74kOFZOrg6Rwz8WJ0eTJcMYtloazPybMJe4clUhlU3bXOovpWQo_KLr5lGHhjfrDrRp2lsuFfqj0W6C6ZS25muDlaB6Alvc7HGtcZOBOdZIUc0JaZuBLe0CURqw0GkKUfsUv8rWS-c81tGMWaqzYH7Dc2LJiYT_obvDJVbEBET-AAgh8DpcWSHH-T4DcEK0ouZH_ea&xkcb=SoDD-_M3MxYS9tA1Sb0NbzkdCdPP&p=6&fvj=0&vjs=3
웹 개발자 (Web 개발)의 전체 세부 정보,이넘넷,서울 강남구,               https://kr.indeed.com/rc/clk?jk=b7ae45fa79b2897b&fccid=a4c1c2ef11efbc40&vjs=3
Software Architecture 설계 엔지니어의 전체 세부 정보,딥엑스,성남 분당구,               https://kr.indeed.com/rc/clk?jk=7df915e1f0f86b2d&fccid=e34932b8232a173b&vjs=3
클라우드 플랫폼 운영 엔지니어의 전체 세부 정보,NHN Enterprise,성남 판교역,               https://kr.indeed.com/rc/clk?jk=40e20a58af1e44ee&fccid=cc378bd7bc831eca&vjs=3
[알스퀘어] Python Backend Server Application 개발 경력직의 전체 세부 정보,알스퀘어부동산중개법인,서울 강남구,               https://kr.indeed.com/rc/clk?jk=454b1c4b2997dece&fccid=ceaba15614996767&vjs=3
디지털트윈 인공지능 개발자의 전체 세부 정보,벡터시스,용인 수지구,               https://kr.indeed.com/rc/clk?jk=83a5d9dd464b4df4&fccid=53cbebce99ba2c6d&vjs=3
[아이나비시스템즈] S/W 품질 시험 신입/경력사원의 전체 세부 정보,㈜아이나비시스템즈,성남 분당구,               https://kr.indeed.com/rc/clk?jk=13a938e054acfa38&fccid=15f676508c78cf14&vjs=3
[선행기술원] 차량용 SoC 반도체 개발 (HW)[책임연구원]의 전체 세부 정보,현대자동차그룹,성남 판교역,               https://kr.indeed.com/rc/clk?jk=1cc4130f92e101c8&fccid=980d6ecc399a3373&vjs=3
[국내그룹사] Data Scientist의 전체 세부 정보,퍼솔켈리코리아 유한회사,서울,               https://kr.indeed.com/rc/clk?jk=4be8824b93ff444e&fccid=2c5b80eeab63070c&vjs=3
AI Edge Device 임베디드 SW 개발자의 전체 세부 정보,디텍,성남 분당구,               https://kr.indeed.com/rc/clk?jk=c354016a4b230115&fccid=4a08359b4ce15823&vjs=3
[선행기술원] AI 모델 경량화 개발[책임연구원]의 전체 세부 정보,현대자동차그룹,성남 판교역,               https://kr.indeed.com/rc/clk?jk=2a791ab360c63252&fccid=980d6ecc399a3373&vjs=3
[코리아교육그룹]Python / JAVA / C언어/ C# / C++ 강사 중의 전체 세부 정보,에스씨에이아카데미혜화,서울,               https://kr.indeed.com/rc/clk?jk=f4aa3759d608d254&fccid=4aba802670ed5334&vjs=3
데이터 엔지니어의 전체 세부 정보,마켓보로,성남 분당구,               https://kr.indeed.com/rc/clk?jk=15d6e860bf8920cf&fccid=de7331de4d8e83d2&vjs=3
[선행기술원] SNN기반 Computer Vision 기술 개발 (객체인식/추적)[책임연구원]의 전체 세부 정보,현대자동차그룹,성남 판교역,               https://kr.indeed.com/rc/clk?jk=d208a45947ad23ee&fccid=980d6ecc399a3373&vjs=3
OpenCV/MATLAB/TensorFlow/Python/C/C++/Linux 알고리즘 엔지니어의 전체 세부 정보,더마미러,서울 서초구,               https://kr.indeed.com/rc/clk?jk=791781c0374976db&fccid=f401a9b533c97602&vjs=3
DNN 모델 개발 엔지니어의 전체 세부 정보,딥엑스,성남 분당구,               https://kr.indeed.com/rc/clk?jk=303d8c644a5f2e0f&fccid=e34932b8232a173b&vjs=3
Medical Writer & Coordinator의 전체 세부 정보,메디컬아이피,서울 종로구,               https://kr.indeed.com/rc/clk?jk=f3562403ca6ffa94&fccid=3f388f9e1eb62c94&vjs=3
QA - 자동화 엔지니어의 전체 세부 정보,카카오페이,성남 백현동,               https://kr.indeed.com/rc/clk?jk=af94926e14247245&fccid=c3aa6121be03065c&vjs=3
[통합솔루션부문] 생산기술  품질보증/분석  구매[경력]의 전체 세부 정보,현대자동차그룹,경기도 의왕,               https://kr.indeed.com/rc/clk?jk=f09ccaa089377c2a&fccid=980d6ecc399a3373&vjs=3
영상처리  컴퓨터 비전 전문가 (신입/경력)의 전체 세부 정보,에바,성남 수정구,               https://kr.indeed.com/rc/clk?jk=2642a83874ea6bab&fccid=5cc87f5890bd7170&vjs=3
데이터표준품질부문 신입  경력 (정규직)의 전체 세부 정보,한국정보기술단,서울 강남구,               https://kr.indeed.com/rc/clk?jk=3de6963f8bea5273&fccid=99925e8e7b9604cc&vjs=3
Data Analyst의 전체 세부 정보,Riiid Labs,서울,               https://kr.indeed.com/rc/clk?jk=c500f565b80598db&fccid=933989f3b0ffe928&vjs=3
셀프 인테리어 위한 AI 플랫폼 서비스 개발자의 전체 세부 정보,서르,성남 분당구,               https://kr.indeed.com/rc/clk?jk=0a57a69a13126ff5&fccid=07eadb4558c294cb&vjs=3
기술 문서 작성 전문가의 전체 세부 정보,딥엑스,성남 분당구,               https://kr.indeed.com/rc/clk?jk=44f52ea73a6d25da&fccid=e34932b8232a173b&vjs=3
Full-stack Python Developer ,Lemon.io,Latin America Only/Europe Only/UK Only/Canada Only,               https://weworkremotely.com/remote-jobs/lemon-io-full-stack-python-developer-2
Senior Open Source Developer & DevOps (Python  Django  React  AWS/OpenStack),OpenCraft,Anywhere in the World,               https://weworkremotely.com/remote-jobs/opencraft-senior-open-source-developer-devops-python-django-react-aws-openstack
Python Testing Expert,CARU AG,Europe Only,               https://weworkremotely.com/remote-jobs/caru-ag-python-testing-expert
Senior Backend Python Engineer: Long-term job - 100% remote,Proxify AB,Latin America Only/Europe Only/EMEA Only,               https://weworkremotely.com/remote-jobs/proxify-ab-senior-backend-python-engineer-long-term-job-100-remote
Senior/Staff Software Engineer - Backend/Python - USA (100% Remote),Close,USA Only,               https://weworkremotely.com/remote-jobs/close-senior-staff-software-engineer-backend-python-usa-100-remote
